year,month,day,team,rank
2021,11,21,Buffalo Bills,1
2021,11,21,Tampa Bay Buccaneers,2
2021,11,21,Dallas Cowboys,3
2021,11,21,New England Patriots,4
2021,11,21,Arizona Cardinals,5
2021,11,21,Kansas City Chiefs,6
2021,11,21,New Orleans Saints,7
2021,11,21,Tennessee Titans,8
2021,11,21,Green Bay Packers,9
2021,11,21,Los Angeles Rams,10
2021,11,21,Baltimore Ravens,11
2021,11,21,San Francisco 49ers,12
2021,11,21,Minnesota Vikings,13
2021,11,21,Seattle Seahawks,14
2021,11,21,Philadelphia Eagles,15
2021,11,21,Los Angeles Chargers,16
2021,11,21,Indianapolis Colts,17
2021,11,21,Cleveland Browns,18
2021,11,21,Denver Broncos,19
2021,11,21,Carolina Panthers,20
2021,11,21,Pittsburgh Steelers,21
2021,11,21,Cincinnati Bengals,22
2021,11,21,Las Vegas Raiders,23
2021,11,21,Washington Football Team,24
2021,11,21,New York Giants,25
2021,11,21,Miami Dolphins,26
2021,11,21,Chicago Bears,27
2021,11,21,Jacksonville Jaguars,28
2021,11,21,Atlanta Falcons,29
2021,11,21,Detroit Lions,30
2021,11,21,New York Jets,31
2021,11,21,Houston Texans,32
2021,11,14,Tampa Bay Buccaneers,1
2021,11,14,Arizona Cardinals,2
2021,11,14,Buffalo Bills,3
2021,11,14,Los Angeles Rams,4
2021,11,14,Tennessee Titans,5
2021,11,14,Dallas Cowboys,6
2021,11,14,New Orleans Saints,7
2021,11,14,Kansas City Chiefs,8
2021,11,14,Green Bay Packers,9
2021,11,14,New England Patriots,10
2021,11,14,Cleveland Browns,11
2021,11,14,Seattle Seahawks,12
2021,11,14,Baltimore Ravens,13
2021,11,14,Denver Broncos,14
2021,11,14,Indianapolis Colts,15
2021,11,14,Los Angeles Chargers,16
2021,11,14,Minnesota Vikings,17
2021,11,14,Pittsburgh Steelers,18
2021,11,14,San Francisco 49ers,19
2021,11,14,Philadelphia Eagles,20
2021,11,14,Las Vegas Raiders,21
2021,11,14,Cincinnati Bengals,22
2021,11,14,New York Giants,23
2021,11,14,Carolina Panthers,24
2021,11,14,Washington Football Team,25
2021,11,14,Atlanta Falcons,26
2021,11,14,Miami Dolphins,27
2021,11,14,Chicago Bears,28
2021,11,14,Jacksonville Jaguars,29
2021,11,14,New York Jets,30
2021,11,14,Detroit Lions,31
2021,11,14,Houston Texans,32
2021,11,7,Buffalo Bills,1
2021,11,7,Tampa Bay Buccaneers,2
2021,11,7,Arizona Cardinals,3
2021,11,7,Dallas Cowboys,4
2021,11,7,Los Angeles Rams,5
2021,11,7,New Orleans Saints,6
2021,11,7,Green Bay Packers,7
2021,11,7,Baltimore Ravens,8
2021,11,7,Tennessee Titans,9
2021,11,7,Kansas City Chiefs,10
2021,11,7,Seattle Seahawks,11
2021,11,7,New England Patriots,12
2021,11,7,Indianapolis Colts,13
2021,11,7,Minnesota Vikings,14
2021,11,7,Cleveland Browns,15
2021,11,7,San Francisco 49ers,16
2021,11,7,Cincinnati Bengals,17
2021,11,7,Los Angeles Chargers,18
2021,11,7,Pittsburgh Steelers,19
2021,11,7,Philadelphia Eagles,20
2021,11,7,Denver Broncos,21
2021,11,7,Las Vegas Raiders,22
2021,11,7,Carolina Panthers,23
2021,11,7,New York Giants,24
2021,11,7,Washington Football Team,25
2021,11,7,Chicago Bears,26
2021,11,7,Atlanta Falcons,27
2021,11,7,Miami Dolphins,28
2021,11,7,Jacksonville Jaguars,29
2021,11,7,New York Jets,30
2021,11,7,Detroit Lions,31
2021,11,7,Houston Texans,32
2021,10,31,Buffalo Bills,1
2021,10,31,Tampa Bay Buccaneers,2
2021,10,31,Arizona Cardinals,3
2021,10,31,Los Angeles Rams,4
2021,10,31,Dallas Cowboys,5
2021,10,31,New Orleans Saints,6
2021,10,31,Baltimore Ravens,7
2021,10,31,Green Bay Packers,8
2021,10,31,Kansas City Chiefs,9
2021,10,31,Tennessee Titans,10
2021,10,31,Cincinnati Bengals,11
2021,10,31,Cleveland Browns,12
2021,10,31,New England Patriots,13
2021,10,31,Los Angeles Chargers,14
2021,10,31,Minnesota Vikings,15
2021,10,31,Indianapolis Colts,16
2021,10,31,Seattle Seahawks,17
2021,10,31,San Francisco 49ers,18
2021,10,31,Pittsburgh Steelers,19
2021,10,31,Denver Broncos,20
2021,10,31,Las Vegas Raiders,21
2021,10,31,Philadelphia Eagles,22
2021,10,31,Carolina Panthers,23
2021,10,31,Washington Football Team,24
2021,10,31,New York Giants,25
2021,10,31,Chicago Bears,26
2021,10,31,Atlanta Falcons,27
2021,10,31,Miami Dolphins,28
2021,10,31,Detroit Lions,29
2021,10,31,Jacksonville Jaguars,30
2021,10,31,New York Jets,31
2021,10,31,Houston Texans,32
2021,10,24,Buffalo Bills,1
2021,10,24,Arizona Cardinals,2
2021,10,24,Tampa Bay Buccaneers,3
2021,10,24,Baltimore Ravens,4
2021,10,24,Los Angeles Rams,5
2021,10,24,Kansas City Chiefs,6
2021,10,24,Dallas Cowboys,7
2021,10,24,New Orleans Saints,8
2021,10,24,Green Bay Packers,9
2021,10,24,Cleveland Browns,10
2021,10,24,Los Angeles Chargers,11
2021,10,24,San Francisco 49ers,12
2021,10,24,Seattle Seahawks,13
2021,10,24,Minnesota Vikings,14
2021,10,24,Tennessee Titans,15
2021,10,24,Indianapolis Colts,16
2021,10,24,Denver Broncos,17
2021,10,24,Pittsburgh Steelers,18
2021,10,24,Cincinnati Bengals,19
2021,10,24,Las Vegas Raiders,20
2021,10,24,New England Patriots,21
2021,10,24,Carolina Panthers,22
2021,10,24,Philadelphia Eagles,23
2021,10,24,Chicago Bears,24
2021,10,24,Washington Football Team,25
2021,10,24,New York Giants,26
2021,10,24,Atlanta Falcons,27
2021,10,24,Miami Dolphins,28
2021,10,24,Jacksonville Jaguars,29
2021,10,24,Detroit Lions,30
2021,10,24,New York Jets,31
2021,10,24,Houston Texans,32
2021,10,17,Buffalo Bills,1
2021,10,17,Tampa Bay Buccaneers,2
2021,10,17,Arizona Cardinals,3
2021,10,17,Dallas Cowboys,4
2021,10,17,Kansas City Chiefs,5
2021,10,17,Los Angeles Rams,6
2021,10,17,Baltimore Ravens,7
2021,10,17,Cleveland Browns,8
2021,10,17,New Orleans Saints,9
2021,10,17,Los Angeles Chargers,10
2021,10,17,Green Bay Packers,11
2021,10,17,San Francisco 49ers,12
2021,10,17,Seattle Seahawks,13
2021,10,17,Denver Broncos,14
2021,10,17,Minnesota Vikings,15
2021,10,17,Carolina Panthers,16
2021,10,17,Tennessee Titans,17
2021,10,17,New England Patriots,18
2021,10,17,Pittsburgh Steelers,19
2021,10,17,Philadelphia Eagles,20
2021,10,17,Indianapolis Colts,21
2021,10,17,Las Vegas Raiders,22
2021,10,17,Cincinnati Bengals,23
2021,10,17,Washington Football Team,24
2021,10,17,Chicago Bears,25
2021,10,17,New York Giants,26
2021,10,17,Atlanta Falcons,27
2021,10,17,Miami Dolphins,28
2021,10,17,Detroit Lions,29
2021,10,17,Jacksonville Jaguars,30
2021,10,17,New York Jets,31
2021,10,17,Houston Texans,32
2021,10,10,Buffalo Bills,1
2021,10,10,Kansas City Chiefs,2
2021,10,10,Tampa Bay Buccaneers,3
2021,10,10,Arizona Cardinals,4
2021,10,10,Baltimore Ravens,5
2021,10,10,Cleveland Browns,6
2021,10,10,Los Angeles Rams,7
2021,10,10,Dallas Cowboys,8
2021,10,10,Los Angeles Chargers,9
2021,10,10,New Orleans Saints,10
2021,10,10,Denver Broncos,11
2021,10,10,Green Bay Packers,12
2021,10,10,Minnesota Vikings,13
2021,10,10,San Francisco 49ers,14
2021,10,10,Seattle Seahawks,15
2021,10,10,Carolina Panthers,16
2021,10,10,New England Patriots,17
2021,10,10,Las Vegas Raiders,18
2021,10,10,Pittsburgh Steelers,19
2021,10,10,Washington Football Team,20
2021,10,10,Tennessee Titans,21
2021,10,10,Indianapolis Colts,22
2021,10,10,Cincinnati Bengals,23
2021,10,10,Philadelphia Eagles,24
2021,10,10,New York Giants,25
2021,10,10,Chicago Bears,26
2021,10,10,Miami Dolphins,27
2021,10,10,Atlanta Falcons,28
2021,10,10,Jacksonville Jaguars,29
2021,10,10,Detroit Lions,30
2021,10,10,New York Jets,31
2021,10,10,Houston Texans,32
2021,10,3,Buffalo Bills,1
2021,10,3,Tampa Bay Buccaneers,2
2021,10,3,Kansas City Chiefs,3
2021,10,3,Los Angeles Rams,4
2021,10,3,New Orleans Saints,5
2021,10,3,Cleveland Browns,6
2021,10,3,Baltimore Ravens,7
2021,10,3,Dallas Cowboys,8
2021,10,3,Arizona Cardinals,9
2021,10,3,Denver Broncos,10
2021,10,3,Los Angeles Chargers,11
2021,10,3,San Francisco 49ers,12
2021,10,3,Green Bay Packers,13
2021,10,3,Minnesota Vikings,14
2021,10,3,Seattle Seahawks,15
2021,10,3,Carolina Panthers,16
2021,10,3,Las Vegas Raiders,17
2021,10,3,New England Patriots,18
2021,10,3,Tennessee Titans,19
2021,10,3,Pittsburgh Steelers,20
2021,10,3,Philadelphia Eagles,21
2021,10,3,Washington Football Team,22
2021,10,3,Cincinnati Bengals,23
2021,10,3,Indianapolis Colts,24
2021,10,3,Miami Dolphins,25
2021,10,3,New York Giants,26
2021,10,3,Chicago Bears,27
2021,10,3,Atlanta Falcons,28
2021,10,3,Jacksonville Jaguars,29
2021,10,3,Detroit Lions,30
2021,10,3,Houston Texans,31
2021,10,3,New York Jets,32
2021,9,26,Tampa Bay Buccaneers,1
2021,9,26,Kansas City Chiefs,2
2021,9,26,Buffalo Bills,3
2021,9,26,Baltimore Ravens,4
2021,9,26,Los Angeles Rams,5
2021,9,26,Cleveland Browns,6
2021,9,26,New Orleans Saints,7
2021,9,26,San Francisco 49ers,8
2021,9,26,Arizona Cardinals,9
2021,9,26,Seattle Seahawks,10
2021,9,26,New England Patriots,11
2021,9,26,Denver Broncos,12
2021,9,26,Dallas Cowboys,13
2021,9,26,Green Bay Packers,14
2021,9,26,Pittsburgh Steelers,15
2021,9,26,Los Angeles Chargers,16
2021,9,26,Las Vegas Raiders,17
2021,9,26,Carolina Panthers,18
2021,9,26,Minnesota Vikings,19
2021,9,26,Philadelphia Eagles,20
2021,9,26,Washington Football Team,21
2021,9,26,Tennessee Titans,22
2021,9,26,Indianapolis Colts,23
2021,9,26,New York Giants,24
2021,9,26,Chicago Bears,25
2021,9,26,Miami Dolphins,26
2021,9,26,Cincinnati Bengals,27
2021,9,26,Atlanta Falcons,28
2021,9,26,Jacksonville Jaguars,29
2021,9,26,New York Jets,30
2021,9,26,Detroit Lions,31
2021,9,26,Houston Texans,32
2021,9,19,Kansas City Chiefs,1
2021,9,19,Tampa Bay Buccaneers,2
2021,9,19,New Orleans Saints,3
2021,9,19,Baltimore Ravens,4
2021,9,19,Los Angeles Rams,5
2021,9,19,Cleveland Browns,6
2021,9,19,Seattle Seahawks,7
2021,9,19,Buffalo Bills,8
2021,9,19,Arizona Cardinals,9
2021,9,19,San Francisco 49ers,10
2021,9,19,Pittsburgh Steelers,11
2021,9,19,Los Angeles Chargers,12
2021,9,19,Denver Broncos,13
2021,9,19,Green Bay Packers,14
2021,9,19,Dallas Cowboys,15
2021,9,19,New England Patriots,16
2021,9,19,Philadelphia Eagles,17
2021,9,19,Minnesota Vikings,18
2021,9,19,Washington Football Team,19
2021,9,19,Miami Dolphins,20
2021,9,19,Las Vegas Raiders,21
2021,9,19,Indianapolis Colts,22
2021,9,19,Tennessee Titans,23
2021,9,19,Carolina Panthers,24
2021,9,19,New York Giants,25
2021,9,19,Chicago Bears,26
2021,9,19,Cincinnati Bengals,27
2021,9,19,Atlanta Falcons,28
2021,9,19,New York Jets,29
2021,9,19,Jacksonville Jaguars,30
2021,9,19,Detroit Lions,31
2021,9,19,Houston Texans,32
2021,9,12,Kansas City Chiefs,1
2021,9,12,Tampa Bay Buccaneers,2
2021,9,12,Baltimore Ravens,3
2021,9,12,Green Bay Packers,4
2021,9,12,Buffalo Bills,5
2021,9,12,Cleveland Browns,6
2021,9,12,Los Angeles Rams,7
2021,9,12,San Francisco 49ers,8
2021,9,12,Seattle Seahawks,9
2021,9,12,New England Patriots,10
2021,9,12,New Orleans Saints,11
2021,9,12,Los Angeles Chargers,12
2021,9,12,Tennessee Titans,13
2021,9,12,Dallas Cowboys,14
2021,9,12,Pittsburgh Steelers,15
2021,9,12,Washington Football Team,16
2021,9,12,Minnesota Vikings,17
2021,9,12,Denver Broncos,18
2021,9,12,Arizona Cardinals,19
2021,9,12,Indianapolis Colts,20
2021,9,12,Miami Dolphins,21
2021,9,12,Las Vegas Raiders,22
2021,9,12,Atlanta Falcons,23
2021,9,12,Chicago Bears,24
2021,9,12,New York Giants,25
2021,9,12,Philadelphia Eagles,26
2021,9,12,Carolina Panthers,27
2021,9,12,Cincinnati Bengals,28
2021,9,12,Jacksonville Jaguars,29
2021,9,12,New York Jets,30
2021,9,12,Detroit Lions,31
2021,9,12,Houston Texans,32
2021,9,5,Kansas City Chiefs,1
2021,9,5,Tampa Bay Buccaneers,2
2021,9,5,Baltimore Ravens,3
2021,9,5,Green Bay Packers,4
2021,9,5,Buffalo Bills,5
2021,9,5,Cleveland Browns,6
2021,9,5,Los Angeles Rams,7
2021,9,5,San Francisco 49ers,8
2021,9,5,Seattle Seahawks,9
2021,9,5,New England Patriots,10
2021,9,5,New Orleans Saints,11
2021,9,5,Los Angeles Chargers,12
2021,9,5,Tennessee Titans,13
2021,9,5,Pittsburgh Steelers,14
2021,9,5,Washington Football Team,15
2021,9,5,Minnesota Vikings,16
2021,9,5,Dallas Cowboys,17
2021,9,5,Denver Broncos,18
2021,9,5,Arizona Cardinals,19
2021,9,5,Indianapolis Colts,20
2021,9,5,Miami Dolphins,21
2021,9,5,Las Vegas Raiders,22
2021,9,5,Atlanta Falcons,23
2021,9,5,Chicago Bears,24
2021,9,5,New York Giants,25
2021,9,5,Philadelphia Eagles,26
2021,9,5,Carolina Panthers,27
2021,9,5,Cincinnati Bengals,28
2021,9,5,Jacksonville Jaguars,29
2021,9,5,New York Jets,30
2021,9,5,Detroit Lions,31
2021,9,5,Houston Texans,32
2021,2,7,Tampa Bay Buccaneers,1
2021,2,7,New Orleans Saints,2
2021,2,7,Baltimore Ravens,3
2021,2,7,Kansas City Chiefs,4
2021,2,7,Green Bay Packers,5
2021,2,7,Buffalo Bills,6
2021,2,7,Los Angeles Rams,7
2021,2,7,Seattle Seahawks,8
2021,2,7,Pittsburgh Steelers,9
2021,2,7,Indianapolis Colts,10
2021,2,7,Tennessee Titans,11
2021,2,7,San Francisco 49ers,12
2021,2,7,Arizona Cardinals,13
2021,2,7,Miami Dolphins,14
2021,2,7,Atlanta Falcons,15
2021,2,7,Chicago Bears,16
2021,2,7,Cleveland Browns,17
2021,2,7,New England Patriots,18
2021,2,7,Minnesota Vikings,19
2021,2,7,Las Vegas Raiders,20
2021,2,7,Carolina Panthers,21
2021,2,7,Washington Football Team,22
2021,2,7,Los Angeles Chargers,23
2021,2,7,Philadelphia Eagles,24
2021,2,7,Dallas Cowboys,25
2021,2,7,Houston Texans,26
2021,2,7,New York Giants,27
2021,2,7,Denver Broncos,28
2021,2,7,Detroit Lions,29
2021,2,7,Cincinnati Bengals,30
2021,2,7,New York Jets,31
2021,2,7,Jacksonville Jaguars,32
2021,1,31,Kansas City Chiefs,1
2021,1,31,New Orleans Saints,2
2021,1,31,Baltimore Ravens,3
2021,1,31,Tampa Bay Buccaneers,4
2021,1,31,Green Bay Packers,5
2021,1,31,Buffalo Bills,6
2021,1,31,Pittsburgh Steelers,7
2021,1,31,Seattle Seahawks,8
2021,1,31,Los Angeles Rams,9
2021,1,31,Indianapolis Colts,10
2021,1,31,Miami Dolphins,11
2021,1,31,Tennessee Titans,12
2021,1,31,San Francisco 49ers,13
2021,1,31,Arizona Cardinals,14
2021,1,31,Atlanta Falcons,15
2021,1,31,Chicago Bears,16
2021,1,31,New England Patriots,17
2021,1,31,Carolina Panthers,18
2021,1,31,Minnesota Vikings,19
2021,1,31,Cleveland Browns,20
2021,1,31,Las Vegas Raiders,21
2021,1,31,Washington Football Team,22
2021,1,31,Philadelphia Eagles,23
2021,1,31,Dallas Cowboys,24
2021,1,31,Los Angeles Chargers,25
2021,1,31,Houston Texans,26
2021,1,31,New York Giants,27
2021,1,31,Denver Broncos,28
2021,1,31,Cincinnati Bengals,29
2021,1,31,Detroit Lions,30
2021,1,31,New York Jets,31
2021,1,31,Jacksonville Jaguars,32
2021,1,24,Kansas City Chiefs,1
2021,1,24,Baltimore Ravens,2
2021,1,24,New Orleans Saints,3
2021,1,24,Tampa Bay Buccaneers,4
2021,1,24,Pittsburgh Steelers,5
2021,1,24,Green Bay Packers,6
2021,1,24,Los Angeles Rams,7
2021,1,24,Seattle Seahawks,8
2021,1,24,Buffalo Bills,9
2021,1,24,Indianapolis Colts,10
2021,1,24,Tennessee Titans,11
2021,1,24,Arizona Cardinals,12
2021,1,24,Miami Dolphins,13
2021,1,24,San Francisco 49ers,14
2021,1,24,New England Patriots,15
2021,1,24,Atlanta Falcons,16
2021,1,24,Chicago Bears,17
2021,1,24,Cleveland Browns,18
2021,1,24,Minnesota Vikings,19
2021,1,24,Philadelphia Eagles,20
2021,1,24,Carolina Panthers,21
2021,1,24,Washington Football Team,22
2021,1,24,Las Vegas Raiders,23
2021,1,24,Houston Texans,24
2021,1,24,Dallas Cowboys,25
2021,1,24,Los Angeles Chargers,26
2021,1,24,New York Giants,27
2021,1,24,Denver Broncos,28
2021,1,24,Detroit Lions,29
2021,1,24,Cincinnati Bengals,30
2021,1,24,Jacksonville Jaguars,31
2021,1,24,New York Jets,32
2021,1,17,Kansas City Chiefs,1
2021,1,17,Baltimore Ravens,2
2021,1,17,New Orleans Saints,3
2021,1,17,Tampa Bay Buccaneers,4
2021,1,17,Pittsburgh Steelers,5
2021,1,17,Los Angeles Rams,6
2021,1,17,Green Bay Packers,7
2021,1,17,Seattle Seahawks,8
2021,1,17,Indianapolis Colts,9
2021,1,17,Tennessee Titans,10
2021,1,17,Buffalo Bills,11
2021,1,17,Arizona Cardinals,12
2021,1,17,San Francisco 49ers,13
2021,1,17,Miami Dolphins,14
2021,1,17,New England Patriots,15
2021,1,17,Atlanta Falcons,16
2021,1,17,Chicago Bears,17
2021,1,17,Minnesota Vikings,18
2021,1,17,Cleveland Browns,19
2021,1,17,Philadelphia Eagles,20
2021,1,17,Carolina Panthers,21
2021,1,17,Washington Football Team,22
2021,1,17,Las Vegas Raiders,23
2021,1,17,Houston Texans,24
2021,1,17,New York Giants,25
2021,1,17,Denver Broncos,26
2021,1,17,Dallas Cowboys,27
2021,1,17,Los Angeles Chargers,28
2021,1,17,Detroit Lions,29
2021,1,17,Cincinnati Bengals,30
2021,1,17,Jacksonville Jaguars,31
2021,1,17,New York Jets,32
2021,1,10,Kansas City Chiefs,1
2021,1,10,New Orleans Saints,2
2021,1,10,Baltimore Ravens,3
2021,1,10,Pittsburgh Steelers,4
2021,1,10,Tampa Bay Buccaneers,5
2021,1,10,Green Bay Packers,6
2021,1,10,Los Angeles Rams,7
2021,1,10,Seattle Seahawks,8
2021,1,10,Indianapolis Colts,9
2021,1,10,San Francisco 49ers,10
2021,1,10,New England Patriots,11
2021,1,10,Tennessee Titans,12
2021,1,10,Miami Dolphins,13
2021,1,10,Buffalo Bills,14
2021,1,10,Arizona Cardinals,15
2021,1,10,Atlanta Falcons,16
2021,1,10,Minnesota Vikings,17
2021,1,10,Las Vegas Raiders,18
2021,1,10,Carolina Panthers,19
2021,1,10,Cleveland Browns,20
2021,1,10,Houston Texans,21
2021,1,10,Chicago Bears,22
2021,1,10,Philadelphia Eagles,23
2021,1,10,Washington Football Team,24
2021,1,10,New York Giants,25
2021,1,10,Denver Broncos,26
2021,1,10,Los Angeles Chargers,27
2021,1,10,Detroit Lions,28
2021,1,10,Cincinnati Bengals,29
2021,1,10,Dallas Cowboys,30
2021,1,10,Jacksonville Jaguars,31
2021,1,10,New York Jets,32
2021,1,3,Kansas City Chiefs,1
2021,1,3,New Orleans Saints,2
2021,1,3,Baltimore Ravens,3
2021,1,3,Pittsburgh Steelers,4
2021,1,3,Tampa Bay Buccaneers,5
2021,1,3,Green Bay Packers,6
2021,1,3,Los Angeles Rams,7
2021,1,3,Seattle Seahawks,8
2021,1,3,San Francisco 49ers,9
2021,1,3,Tennessee Titans,10
2021,1,3,Indianapolis Colts,11
2021,1,3,Miami Dolphins,12
2021,1,3,Arizona Cardinals,13
2021,1,3,Buffalo Bills,14
2021,1,3,Atlanta Falcons,15
2021,1,3,Minnesota Vikings,16
2021,1,3,New England Patriots,17
2021,1,3,Las Vegas Raiders,18
2021,1,3,Carolina Panthers,19
2021,1,3,Chicago Bears,20
2021,1,3,Houston Texans,21
2021,1,3,Los Angeles Chargers,22
2021,1,3,Philadelphia Eagles,23
2021,1,3,Cleveland Browns,24
2021,1,3,New York Giants,25
2021,1,3,Washington Football Team,26
2021,1,3,Denver Broncos,27
2021,1,3,Detroit Lions,28
2021,1,3,Cincinnati Bengals,29
2021,1,3,Dallas Cowboys,30
2021,1,3,Jacksonville Jaguars,31
2021,1,3,New York Jets,32
2020,12,27,Kansas City Chiefs,1
2020,12,27,Baltimore Ravens,2
2020,12,27,New Orleans Saints,3
2020,12,27,Tampa Bay Buccaneers,4
2020,12,27,Pittsburgh Steelers,5
2020,12,27,Green Bay Packers,6
2020,12,27,Los Angeles Rams,7
2020,12,27,Seattle Seahawks,8
2020,12,27,Buffalo Bills,9
2020,12,27,Indianapolis Colts,10
2020,12,27,Tennessee Titans,11
2020,12,27,Miami Dolphins,12
2020,12,27,San Francisco 49ers,13
2020,12,27,Arizona Cardinals,14
2020,12,27,New England Patriots,15
2020,12,27,Atlanta Falcons,16
2020,12,27,Chicago Bears,17
2020,12,27,Cleveland Browns,18
2020,12,27,Minnesota Vikings,19
2020,12,27,Philadelphia Eagles,20
2020,12,27,Carolina Panthers,21
2020,12,27,Las Vegas Raiders,22
2020,12,27,Washington Football Team,23
2020,12,27,Houston Texans,24
2020,12,27,Los Angeles Chargers,25
2020,12,27,Dallas Cowboys,26
2020,12,27,New York Giants,27
2020,12,27,Denver Broncos,28
2020,12,27,Cincinnati Bengals,29
2020,12,27,Detroit Lions,30
2020,12,27,Jacksonville Jaguars,31
2020,12,27,New York Jets,32
2020,12,20,Kansas City Chiefs,1
2020,12,20,Baltimore Ravens,2
2020,12,20,New Orleans Saints,3
2020,12,20,Tampa Bay Buccaneers,4
2020,12,20,Pittsburgh Steelers,5
2020,12,20,Los Angeles Rams,6
2020,12,20,Green Bay Packers,7
2020,12,20,Seattle Seahawks,8
2020,12,20,Buffalo Bills,9
2020,12,20,Indianapolis Colts,10
2020,12,20,Tennessee Titans,11
2020,12,20,Arizona Cardinals,12
2020,12,20,San Francisco 49ers,13
2020,12,20,Miami Dolphins,14
2020,12,20,New England Patriots,15
2020,12,20,Atlanta Falcons,16
2020,12,20,Chicago Bears,17
2020,12,20,Minnesota Vikings,18
2020,12,20,Cleveland Browns,19
2020,12,20,Philadelphia Eagles,20
2020,12,20,Washington Football Team,21
2020,12,20,Carolina Panthers,22
2020,12,20,Las Vegas Raiders,23
2020,12,20,Houston Texans,24
2020,12,20,New York Giants,25
2020,12,20,Los Angeles Chargers,26
2020,12,20,Dallas Cowboys,27
2020,12,20,Detroit Lions,28
2020,12,20,Denver Broncos,29
2020,12,20,Cincinnati Bengals,30
2020,12,20,Jacksonville Jaguars,31
2020,12,20,New York Jets,32
2020,12,13,Kansas City Chiefs,1
2020,12,13,New Orleans Saints,2
2020,12,13,Baltimore Ravens,3
2020,12,13,Pittsburgh Steelers,4
2020,12,13,Tampa Bay Buccaneers,5
2020,12,13,Green Bay Packers,6
2020,12,13,Los Angeles Rams,7
2020,12,13,Seattle Seahawks,8
2020,12,13,Indianapolis Colts,9
2020,12,13,San Francisco 49ers,10
2020,12,13,Tennessee Titans,11
2020,12,13,Miami Dolphins,12
2020,12,13,Buffalo Bills,13
2020,12,13,New England Patriots,14
2020,12,13,Arizona Cardinals,15
2020,12,13,Atlanta Falcons,16
2020,12,13,Minnesota Vikings,17
2020,12,13,Las Vegas Raiders,18
2020,12,13,Carolina Panthers,19
2020,12,13,Cleveland Browns,20
2020,12,13,Chicago Bears,21
2020,12,13,Houston Texans,22
2020,12,13,Philadelphia Eagles,23
2020,12,13,Washington Football Team,24
2020,12,13,New York Giants,25
2020,12,13,Denver Broncos,26
2020,12,13,Los Angeles Chargers,27
2020,12,13,Detroit Lions,28
2020,12,13,Cincinnati Bengals,29
2020,12,13,Dallas Cowboys,30
2020,12,13,Jacksonville Jaguars,31
2020,12,13,New York Jets,32
2020,12,6,Kansas City Chiefs,1
2020,12,6,New Orleans Saints,2
2020,12,6,Baltimore Ravens,3
2020,12,6,Pittsburgh Steelers,4
2020,12,6,Tampa Bay Buccaneers,5
2020,12,6,Green Bay Packers,6
2020,12,6,Los Angeles Rams,7
2020,12,6,Seattle Seahawks,8
2020,12,6,San Francisco 49ers,9
2020,12,6,Tennessee Titans,10
2020,12,6,Indianapolis Colts,11
2020,12,6,Miami Dolphins,12
2020,12,6,Arizona Cardinals,13
2020,12,6,Buffalo Bills,14
2020,12,6,Atlanta Falcons,15
2020,12,6,Minnesota Vikings,16
2020,12,6,New England Patriots,17
2020,12,6,Las Vegas Raiders,18
2020,12,6,Carolina Panthers,19
2020,12,6,Chicago Bears,20
2020,12,6,Houston Texans,21
2020,12,6,Los Angeles Chargers,22
2020,12,6,Philadelphia Eagles,23
2020,12,6,Cleveland Browns,24
2020,12,6,New York Giants,25
2020,12,6,Washington Football Team,26
2020,12,6,Denver Broncos,27
2020,12,6,Detroit Lions,28
2020,12,6,Cincinnati Bengals,29
2020,12,6,Dallas Cowboys,30
2020,12,6,Jacksonville Jaguars,31
2020,12,6,New York Jets,32
2020,11,29,Kansas City Chiefs,1
2020,11,29,Baltimore Ravens,2
2020,11,29,Tampa Bay Buccaneers,3
2020,11,29,Pittsburgh Steelers,4
2020,11,29,Green Bay Packers,5
2020,11,29,San Francisco 49ers,6
2020,11,29,New Orleans Saints,7
2020,11,29,Los Angeles Rams,8
2020,11,29,Seattle Seahawks,9
2020,11,29,Arizona Cardinals,10
2020,11,29,Tennessee Titans,11
2020,11,29,Indianapolis Colts,12
2020,11,29,Miami Dolphins,13
2020,11,29,Chicago Bears,14
2020,11,29,Los Angeles Chargers,15
2020,11,29,Buffalo Bills,16
2020,11,29,New England Patriots,17
2020,11,29,Carolina Panthers,18
2020,11,29,Detroit Lions,19
2020,11,29,Las Vegas Raiders,20
2020,11,29,Cleveland Browns,21
2020,11,29,Philadelphia Eagles,22
2020,11,29,Atlanta Falcons,23
2020,11,29,Minnesota Vikings,24
2020,11,29,Denver Broncos,25
2020,11,29,Houston Texans,26
2020,11,29,Cincinnati Bengals,27
2020,11,29,Dallas Cowboys,28
2020,11,29,Washington Football Team,29
2020,11,29,New York Giants,30
2020,11,29,Jacksonville Jaguars,31
2020,11,29,New York Jets,32
2020,11,22,Baltimore Ravens,1
2020,11,22,Kansas City Chiefs,2
2020,11,22,Tampa Bay Buccaneers,3
2020,11,22,Pittsburgh Steelers,4
2020,11,22,New Orleans Saints,5
2020,11,22,Seattle Seahawks,6
2020,11,22,Green Bay Packers,7
2020,11,22,Tennessee Titans,8
2020,11,22,Los Angeles Rams,9
2020,11,22,San Francisco 49ers,10
2020,11,22,Arizona Cardinals,11
2020,11,22,New England Patriots,12
2020,11,22,Indianapolis Colts,13
2020,11,22,Chicago Bears,14
2020,11,22,Las Vegas Raiders,15
2020,11,22,Miami Dolphins,16
2020,11,22,Los Angeles Chargers,17
2020,11,22,Buffalo Bills,18
2020,11,22,Denver Broncos,19
2020,11,22,Carolina Panthers,20
2020,11,22,Philadelphia Eagles,21
2020,11,22,Atlanta Falcons,22
2020,11,22,Detroit Lions,23
2020,11,22,Cleveland Browns,24
2020,11,22,Minnesota Vikings,25
2020,11,22,Houston Texans,26
2020,11,22,Dallas Cowboys,27
2020,11,22,Cincinnati Bengals,28
2020,11,22,New York Giants,29
2020,11,22,Washington Football Team,30
2020,11,22,Jacksonville Jaguars,31
2020,11,22,New York Jets,32
2020,11,15,Baltimore Ravens,1
2020,11,15,Kansas City Chiefs,2
2020,11,15,Green Bay Packers,3
2020,11,15,Tampa Bay Buccaneers,4
2020,11,15,Seattle Seahawks,5
2020,11,15,New Orleans Saints,6
2020,11,15,Los Angeles Rams,7
2020,11,15,New England Patriots,8
2020,11,15,Tennessee Titans,9
2020,11,15,Indianapolis Colts,10
2020,11,15,Pittsburgh Steelers,11
2020,11,15,San Francisco 49ers,12
2020,11,15,Cleveland Browns,13
2020,11,15,Las Vegas Raiders,14
2020,11,15,Minnesota Vikings,15
2020,11,15,Buffalo Bills,16
2020,11,15,Arizona Cardinals,17
2020,11,15,Miami Dolphins,18
2020,11,15,Chicago Bears,19
2020,11,15,Dallas Cowboys,20
2020,11,15,Los Angeles Chargers,21
2020,11,15,Carolina Panthers,22
2020,11,15,Houston Texans,23
2020,11,15,Denver Broncos,24
2020,11,15,Philadelphia Eagles,25
2020,11,15,Atlanta Falcons,26
2020,11,15,Detroit Lions,27
2020,11,15,Cincinnati Bengals,28
2020,11,15,New York Giants,29
2020,11,15,Jacksonville Jaguars,30
2020,11,15,Washington Football Team,31
2020,11,15,New York Jets,32
2020,11,8,Kansas City Chiefs,1
2020,11,8,Baltimore Ravens,2
2020,11,8,Green Bay Packers,3
2020,11,8,Tampa Bay Buccaneers,4
2020,11,8,San Francisco 49ers,5
2020,11,8,New Orleans Saints,6
2020,11,8,Seattle Seahawks,7
2020,11,8,Indianapolis Colts,8
2020,11,8,New England Patriots,9
2020,11,8,Los Angeles Rams,10
2020,11,8,Pittsburgh Steelers,11
2020,11,8,Buffalo Bills,12
2020,11,8,Tennessee Titans,13
2020,11,8,Dallas Cowboys,14
2020,11,8,Cleveland Browns,15
2020,11,8,Minnesota Vikings,16
2020,11,8,Chicago Bears,17
2020,11,8,Los Angeles Chargers,18
2020,11,8,Arizona Cardinals,19
2020,11,8,Las Vegas Raiders,20
2020,11,8,Philadelphia Eagles,21
2020,11,8,Atlanta Falcons,22
2020,11,8,Carolina Panthers,23
2020,11,8,Denver Broncos,24
2020,11,8,Houston Texans,25
2020,11,8,Detroit Lions,26
2020,11,8,Miami Dolphins,27
2020,11,8,Cincinnati Bengals,28
2020,11,8,New York Giants,29
2020,11,8,Jacksonville Jaguars,30
2020,11,8,Washington Football Team,31
2020,11,8,New York Jets,32
2020,11,1,Kansas City Chiefs,1
2020,11,1,Baltimore Ravens,2
2020,11,1,San Francisco 49ers,3
2020,11,1,Green Bay Packers,4
2020,11,1,Tampa Bay Buccaneers,5
2020,11,1,New Orleans Saints,6
2020,11,1,Seattle Seahawks,7
2020,11,1,New England Patriots,8
2020,11,1,Indianapolis Colts,9
2020,11,1,Los Angeles Rams,10
2020,11,1,Pittsburgh Steelers,11
2020,11,1,Dallas Cowboys,12
2020,11,1,Buffalo Bills,13
2020,11,1,Tennessee Titans,14
2020,11,1,Chicago Bears,15
2020,11,1,Arizona Cardinals,16
2020,11,1,Las Vegas Raiders,17
2020,11,1,Los Angeles Chargers,18
2020,11,1,Atlanta Falcons,19
2020,11,1,Minnesota Vikings,20
2020,11,1,Cleveland Browns,21
2020,11,1,Houston Texans,22
2020,11,1,Denver Broncos,23
2020,11,1,Philadelphia Eagles,24
2020,11,1,Detroit Lions,25
2020,11,1,Miami Dolphins,26
2020,11,1,Carolina Panthers,27
2020,11,1,Cincinnati Bengals,28
2020,11,1,New York Giants,29
2020,11,1,Jacksonville Jaguars,30
2020,11,1,Washington Football Team,31
2020,11,1,New York Jets,32
2020,10,25,Baltimore Ravens,1
2020,10,25,Kansas City Chiefs,2
2020,10,25,Tampa Bay Buccaneers,3
2020,10,25,Pittsburgh Steelers,4
2020,10,25,New Orleans Saints,5
2020,10,25,Seattle Seahawks,6
2020,10,25,Green Bay Packers,7
2020,10,25,Tennessee Titans,8
2020,10,25,Los Angeles Rams,9
2020,10,25,San Francisco 49ers,10
2020,10,25,Arizona Cardinals,11
2020,10,25,New England Patriots,12
2020,10,25,Indianapolis Colts,13
2020,10,25,Chicago Bears,14
2020,10,25,Las Vegas Raiders,15
2020,10,25,Miami Dolphins,16
2020,10,25,Los Angeles Chargers,17
2020,10,25,Buffalo Bills,18
2020,10,25,Denver Broncos,19
2020,10,25,Carolina Panthers,20
2020,10,25,Atlanta Falcons,21
2020,10,25,Detroit Lions,22
2020,10,25,Cleveland Browns,23
2020,10,25,Minnesota Vikings,24
2020,10,25,Houston Texans,25
2020,10,25,Philadelphia Eagles,26
2020,10,25,Dallas Cowboys,27
2020,10,25,Cincinnati Bengals,28
2020,10,25,New York Giants,29
2020,10,25,Washington Football Team,30
2020,10,25,Jacksonville Jaguars,31
2020,10,25,New York Jets,32
2020,10,18,Baltimore Ravens,1
2020,10,18,Kansas City Chiefs,2
2020,10,18,Green Bay Packers,3
2020,10,18,Tampa Bay Buccaneers,4
2020,10,18,Seattle Seahawks,5
2020,10,18,New Orleans Saints,6
2020,10,18,Los Angeles Rams,7
2020,10,18,New England Patriots,8
2020,10,18,Tennessee Titans,9
2020,10,18,Indianapolis Colts,10
2020,10,18,Pittsburgh Steelers,11
2020,10,18,San Francisco 49ers,12
2020,10,18,Cleveland Browns,13
2020,10,18,Las Vegas Raiders,14
2020,10,18,Minnesota Vikings,15
2020,10,18,Buffalo Bills,16
2020,10,18,Arizona Cardinals,17
2020,10,18,Miami Dolphins,18
2020,10,18,Chicago Bears,19
2020,10,18,Dallas Cowboys,20
2020,10,18,Los Angeles Chargers,21
2020,10,18,Carolina Panthers,22
2020,10,18,Houston Texans,23
2020,10,18,Denver Broncos,24
2020,10,18,Philadelphia Eagles,25
2020,10,18,Atlanta Falcons,26
2020,10,18,Detroit Lions,27
2020,10,18,Cincinnati Bengals,28
2020,10,18,New York Giants,29
2020,10,18,Jacksonville Jaguars,30
2020,10,18,Washington Football Team,31
2020,10,18,New York Jets,32
2020,10,11,Kansas City Chiefs,1
2020,10,11,Baltimore Ravens,2
2020,10,11,Green Bay Packers,3
2020,10,11,San Francisco 49ers,4
2020,10,11,Tampa Bay Buccaneers,5
2020,10,11,New Orleans Saints,6
2020,10,11,Seattle Seahawks,7
2020,10,11,Indianapolis Colts,8
2020,10,11,New England Patriots,9
2020,10,11,Los Angeles Rams,10
2020,10,11,Pittsburgh Steelers,11
2020,10,11,Buffalo Bills,12
2020,10,11,Tennessee Titans,13
2020,10,11,Dallas Cowboys,14
2020,10,11,Cleveland Browns,15
2020,10,11,Chicago Bears,16
2020,10,11,Minnesota Vikings,17
2020,10,11,Los Angeles Chargers,18
2020,10,11,Arizona Cardinals,19
2020,10,11,Las Vegas Raiders,20
2020,10,11,Philadelphia Eagles,21
2020,10,11,Atlanta Falcons,22
2020,10,11,Carolina Panthers,23
2020,10,11,Denver Broncos,24
2020,10,11,Houston Texans,25
2020,10,11,Detroit Lions,26
2020,10,11,Miami Dolphins,27
2020,10,11,Cincinnati Bengals,28
2020,10,11,New York Giants,29
2020,10,11,Jacksonville Jaguars,30
2020,10,11,Washington Football Team,31
2020,10,11,New York Jets,32
2020,10,4,Kansas City Chiefs,1
2020,10,4,Baltimore Ravens,2
2020,10,4,San Francisco 49ers,3
2020,10,4,Green Bay Packers,4
2020,10,4,Tampa Bay Buccaneers,5
2020,10,4,New Orleans Saints,6
2020,10,4,Seattle Seahawks,7
2020,10,4,New England Patriots,8
2020,10,4,Indianapolis Colts,9
2020,10,4,Los Angeles Rams,10
2020,10,4,Pittsburgh Steelers,11
2020,10,4,Dallas Cowboys,12
2020,10,4,Buffalo Bills,13
2020,10,4,Tennessee Titans,14
2020,10,4,Chicago Bears,15
2020,10,4,Arizona Cardinals,16
2020,10,4,Las Vegas Raiders,17
2020,10,4,Los Angeles Chargers,18
2020,10,4,Atlanta Falcons,19
2020,10,4,Minnesota Vikings,20
2020,10,4,Cleveland Browns,21
2020,10,4,Houston Texans,22
2020,10,4,Denver Broncos,23
2020,10,4,Philadelphia Eagles,24
2020,10,4,Detroit Lions,25
2020,10,4,Miami Dolphins,26
2020,10,4,Carolina Panthers,27
2020,10,4,Cincinnati Bengals,28
2020,10,4,New York Giants,29
2020,10,4,Jacksonville Jaguars,30
2020,10,4,Washington Football Team,31
2020,10,4,New York Jets,32
2020,9,27,Baltimore Ravens,1
2020,9,27,Kansas City Chiefs,2
2020,9,27,New Orleans Saints,3
2020,9,27,San Francisco 49ers,4
2020,9,27,Seattle Seahawks,5
2020,9,27,Green Bay Packers,6
2020,9,27,Tampa Bay Buccaneers,7
2020,9,27,Los Angeles Rams,8
2020,9,27,New England Patriots,9
2020,9,27,Dallas Cowboys,10
2020,9,27,Pittsburgh Steelers,11
2020,9,27,Indianapolis Colts,12
2020,9,27,Buffalo Bills,13
2020,9,27,Tennessee Titans,14
2020,9,27,Arizona Cardinals,15
2020,9,27,Las Vegas Raiders,16
2020,9,27,Los Angeles Chargers,17
2020,9,27,Chicago Bears,18
2020,9,27,Atlanta Falcons,19
2020,9,27,Minnesota Vikings,20
2020,9,27,Denver Broncos,21
2020,9,27,Houston Texans,22
2020,9,27,Cleveland Browns,23
2020,9,27,Philadelphia Eagles,24
2020,9,27,Miami Dolphins,25
2020,9,27,Detroit Lions,26
2020,9,27,New York Giants,27
2020,9,27,Carolina Panthers,28
2020,9,27,Cincinnati Bengals,29
2020,9,27,Washington Football Team,30
2020,9,27,New York Jets,31
2020,9,27,Jacksonville Jaguars,32
2020,9,20,Baltimore Ravens,1
2020,9,20,Kansas City Chiefs,2
2020,9,20,New Orleans Saints,3
2020,9,20,San Francisco 49ers,4
2020,9,20,Seattle Seahawks,5
2020,9,20,Tampa Bay Buccaneers,6
2020,9,20,Dallas Cowboys,7
2020,9,20,Green Bay Packers,8
2020,9,20,New England Patriots,9
2020,9,20,Pittsburgh Steelers,10
2020,9,20,Tennessee Titans,11
2020,9,20,Los Angeles Rams,12
2020,9,20,Buffalo Bills,13
2020,9,20,Minnesota Vikings,14
2020,9,20,Philadelphia Eagles,15
2020,9,20,Chicago Bears,16
2020,9,20,Indianapolis Colts,17
2020,9,20,Houston Texans,18
2020,9,20,Los Angeles Chargers,19
2020,9,20,Arizona Cardinals,20
2020,9,20,Atlanta Falcons,21
2020,9,20,Denver Broncos,22
2020,9,20,Las Vegas Raiders,23
2020,9,20,Cleveland Browns,24
2020,9,20,Detroit Lions,25
2020,9,20,Carolina Panthers,26
2020,9,20,New York Giants,27
2020,9,20,Cincinnati Bengals,28
2020,9,20,New York Jets,29
2020,9,20,Washington Football Team,30
2020,9,20,Jacksonville Jaguars,31
2020,9,20,Miami Dolphins,32
2020,9,13,Kansas City Chiefs,1
2020,9,13,Baltimore Ravens,2
2020,9,13,New Orleans Saints,3
2020,9,13,San Francisco 49ers,4
2020,9,13,Tampa Bay Buccaneers,5
2020,9,13,Dallas Cowboys,6
2020,9,13,Seattle Seahawks,7
2020,9,13,New England Patriots,8
2020,9,13,Philadelphia Eagles,9
2020,9,13,Pittsburgh Steelers,10
2020,9,13,Minnesota Vikings,11
2020,9,13,Green Bay Packers,12
2020,9,13,Tennessee Titans,13
2020,9,13,Indianapolis Colts,14
2020,9,13,Buffalo Bills,15
2020,9,13,Los Angeles Rams,16
2020,9,13,Atlanta Falcons,17
2020,9,13,Cleveland Browns,18
2020,9,13,Chicago Bears,19
2020,9,13,Houston Texans,20
2020,9,13,Los Angeles Chargers,21
2020,9,13,Denver Broncos,22
2020,9,13,Arizona Cardinals,23
2020,9,13,Las Vegas Raiders,24
2020,9,13,Detroit Lions,25
2020,9,13,Carolina Panthers,26
2020,9,13,New York Giants,27
2020,9,13,Cincinnati Bengals,28
2020,9,13,New York Jets,29
2020,9,13,Miami Dolphins,30
2020,9,13,Washington Football Team,31
2020,9,13,Jacksonville Jaguars,32
2020,9,6,Kansas City Chiefs,1
2020,9,6,Baltimore Ravens,2
2020,9,6,New Orleans Saints,3
2020,9,6,San Francisco 49ers,4
2020,9,6,Tampa Bay Buccaneers,5
2020,9,6,Dallas Cowboys,6
2020,9,6,Seattle Seahawks,7
2020,9,6,New England Patriots,8
2020,9,6,Philadelphia Eagles,9
2020,9,6,Pittsburgh Steelers,10
2020,9,6,Minnesota Vikings,11
2020,9,6,Green Bay Packers,12
2020,9,6,Tennessee Titans,13
2020,9,6,Indianapolis Colts,14
2020,9,6,Buffalo Bills,15
2020,9,6,Los Angeles Rams,16
2020,9,6,Atlanta Falcons,17
2020,9,6,Cleveland Browns,18
2020,9,6,Houston Texans,19
2020,9,6,Chicago Bears,20
2020,9,6,Los Angeles Chargers,21
2020,9,6,Denver Broncos,22
2020,9,6,Arizona Cardinals,23
2020,9,6,Las Vegas Raiders,24
2020,9,6,Detroit Lions,25
2020,9,6,Carolina Panthers,26
2020,9,6,New York Giants,27
2020,9,6,Cincinnati Bengals,28
2020,9,6,New York Jets,29
2020,9,6,Miami Dolphins,30
2020,9,6,Washington Football Team,31
2020,9,6,Jacksonville Jaguars,32
2020,2,2,Baltimore Ravens,1
2020,2,2,Kansas City Chiefs,2
2020,2,2,San Francisco 49ers,3
2020,2,2,New England Patriots,4
2020,2,2,New Orleans Saints,5
2020,2,2,Minnesota Vikings,6
2020,2,2,Tennessee Titans,7
2020,2,2,Dallas Cowboys,8
2020,2,2,Los Angeles Rams,9
2020,2,2,Green Bay Packers,10
2020,2,2,Seattle Seahawks,11
2020,2,2,Buffalo Bills,12
2020,2,2,Los Angeles Chargers,13
2020,2,2,Houston Texans,14
2020,2,2,Philadelphia Eagles,15
2020,2,2,Atlanta Falcons,16
2020,2,2,Tampa Bay Buccaneers,17
2020,2,2,Chicago Bears,18
2020,2,2,Pittsburgh Steelers,19
2020,2,2,Indianapolis Colts,20
2020,2,2,Denver Broncos,21
2020,2,2,Cleveland Browns,22
2020,2,2,Detroit Lions,23
2020,2,2,Jacksonville Jaguars,24
2020,2,2,Arizona Cardinals,25
2020,2,2,Carolina Panthers,26
2020,2,2,Las Vegas Raiders,27
2020,2,2,New York Jets,28
2020,2,2,New York Giants,29
2020,2,2,Cincinnati Bengals,30
2020,2,2,Washington Football Team,31
2020,2,2,Miami Dolphins,32
2020,1,26,Baltimore Ravens,1
2020,1,26,Kansas City Chiefs,2
2020,1,26,San Francisco 49ers,3
2020,1,26,New England Patriots,4
2020,1,26,New Orleans Saints,5
2020,1,26,Minnesota Vikings,6
2020,1,26,Tennessee Titans,7
2020,1,26,Dallas Cowboys,8
2020,1,26,Los Angeles Rams,9
2020,1,26,Green Bay Packers,10
2020,1,26,Seattle Seahawks,11
2020,1,26,Buffalo Bills,12
2020,1,26,Los Angeles Chargers,13
2020,1,26,Houston Texans,14
2020,1,26,Philadelphia Eagles,15
2020,1,26,Atlanta Falcons,16
2020,1,26,Tampa Bay Buccaneers,17
2020,1,26,Chicago Bears,18
2020,1,26,Pittsburgh Steelers,19
2020,1,26,Indianapolis Colts,20
2020,1,26,Denver Broncos,21
2020,1,26,Cleveland Browns,22
2020,1,26,Detroit Lions,23
2020,1,26,Jacksonville Jaguars,24
2020,1,26,Arizona Cardinals,25
2020,1,26,Carolina Panthers,26
2020,1,26,Las Vegas Raiders,27
2020,1,26,New York Jets,28
2020,1,26,New York Giants,29
2020,1,26,Cincinnati Bengals,30
2020,1,26,Washington Football Team,31
2020,1,26,Miami Dolphins,32
2020,1,19,Baltimore Ravens,1
2020,1,19,Kansas City Chiefs,2
2020,1,19,San Francisco 49ers,3
2020,1,19,New England Patriots,4
2020,1,19,New Orleans Saints,5
2020,1,19,Minnesota Vikings,6
2020,1,19,Tennessee Titans,7
2020,1,19,Dallas Cowboys,8
2020,1,19,Los Angeles Rams,9
2020,1,19,Green Bay Packers,10
2020,1,19,Seattle Seahawks,11
2020,1,19,Buffalo Bills,12
2020,1,19,Los Angeles Chargers,13
2020,1,19,Houston Texans,14
2020,1,19,Philadelphia Eagles,15
2020,1,19,Atlanta Falcons,16
2020,1,19,Tampa Bay Buccaneers,17
2020,1,19,Chicago Bears,18
2020,1,19,Pittsburgh Steelers,19
2020,1,19,Indianapolis Colts,20
2020,1,19,Denver Broncos,21
2020,1,19,Cleveland Browns,22
2020,1,19,Detroit Lions,23
2020,1,19,Jacksonville Jaguars,24
2020,1,19,Arizona Cardinals,25
2020,1,19,Carolina Panthers,26
2020,1,19,Las Vegas Raiders,27
2020,1,19,New York Jets,28
2020,1,19,New York Giants,29
2020,1,19,Cincinnati Bengals,30
2020,1,19,Washington Football Team,31
2020,1,19,Miami Dolphins,32
2020,1,12,Baltimore Ravens,1
2020,1,12,Kansas City Chiefs,2
2020,1,12,San Francisco 49ers,3
2020,1,12,New England Patriots,4
2020,1,12,New Orleans Saints,5
2020,1,12,Minnesota Vikings,6
2020,1,12,Tennessee Titans,7
2020,1,12,Dallas Cowboys,8
2020,1,12,Los Angeles Rams,9
2020,1,12,Green Bay Packers,10
2020,1,12,Seattle Seahawks,11
2020,1,12,Houston Texans,12
2020,1,12,Buffalo Bills,13
2020,1,12,Los Angeles Chargers,14
2020,1,12,Philadelphia Eagles,15
2020,1,12,Atlanta Falcons,16
2020,1,12,Tampa Bay Buccaneers,17
2020,1,12,Chicago Bears,18
2020,1,12,Pittsburgh Steelers,19
2020,1,12,Indianapolis Colts,20
2020,1,12,Denver Broncos,21
2020,1,12,Cleveland Browns,22
2020,1,12,Detroit Lions,23
2020,1,12,Jacksonville Jaguars,24
2020,1,12,Arizona Cardinals,25
2020,1,12,Carolina Panthers,26
2020,1,12,Las Vegas Raiders,27
2020,1,12,New York Jets,28
2020,1,12,New York Giants,29
2020,1,12,Cincinnati Bengals,30
2020,1,12,Washington Football Team,31
2020,1,12,Miami Dolphins,32
2020,1,5,Baltimore Ravens,1
2020,1,5,Kansas City Chiefs,2
2020,1,5,New England Patriots,3
2020,1,5,San Francisco 49ers,4
2020,1,5,New Orleans Saints,5
2020,1,5,Minnesota Vikings,6
2020,1,5,Dallas Cowboys,7
2020,1,5,Tennessee Titans,8
2020,1,5,Los Angeles Rams,9
2020,1,5,Green Bay Packers,10
2020,1,5,Seattle Seahawks,11
2020,1,5,Philadelphia Eagles,12
2020,1,5,Houston Texans,13
2020,1,5,Buffalo Bills,14
2020,1,5,Los Angeles Chargers,15
2020,1,5,Atlanta Falcons,16
2020,1,5,Tampa Bay Buccaneers,17
2020,1,5,Chicago Bears,18
2020,1,5,Pittsburgh Steelers,19
2020,1,5,Indianapolis Colts,20
2020,1,5,Denver Broncos,21
2020,1,5,Cleveland Browns,22
2020,1,5,Detroit Lions,23
2020,1,5,Arizona Cardinals,24
2020,1,5,Jacksonville Jaguars,25
2020,1,5,Carolina Panthers,26
2020,1,5,Las Vegas Raiders,27
2020,1,5,New York Jets,28
2020,1,5,New York Giants,29
2020,1,5,Cincinnati Bengals,30
2020,1,5,Washington Football Team,31
2020,1,5,Miami Dolphins,32
